-- MySQL dump 10.13  Distrib 5.7.26, for Linux (x86_64)
--
-- Host: localhost    Database: basic
-- ------------------------------------------------------
-- Server version	5.7.26-0ubuntu0.18.04.1

/*!40101 SET @OLD_CHARACTER_SET_CLIENT=@@CHARACTER_SET_CLIENT */;
/*!40101 SET @OLD_CHARACTER_SET_RESULTS=@@CHARACTER_SET_RESULTS */;
/*!40101 SET @OLD_COLLATION_CONNECTION=@@COLLATION_CONNECTION */;
/*!40101 SET NAMES utf8 */;
/*!40103 SET @OLD_TIME_ZONE=@@TIME_ZONE */;
/*!40103 SET TIME_ZONE='+00:00' */;
/*!40014 SET @OLD_UNIQUE_CHECKS=@@UNIQUE_CHECKS, UNIQUE_CHECKS=0 */;
/*!40014 SET @OLD_FOREIGN_KEY_CHECKS=@@FOREIGN_KEY_CHECKS, FOREIGN_KEY_CHECKS=0 */;
/*!40101 SET @OLD_SQL_MODE=@@SQL_MODE, SQL_MODE='NO_AUTO_VALUE_ON_ZERO' */;
/*!40111 SET @OLD_SQL_NOTES=@@SQL_NOTES, SQL_NOTES=0 */;

--
-- Table structure for table `equipments`
--

DROP TABLE IF EXISTS `equipments`;
/*!40101 SET @saved_cs_client     = @@character_set_client */;
/*!40101 SET character_set_client = utf8 */;
CREATE TABLE `equipments` (
  `id` int(11) NOT NULL AUTO_INCREMENT,
  `name` varchar(150) NOT NULL,
  `description` text,
  PRIMARY KEY (`id`),
  UNIQUE KEY `equipment_equipment_id_uindex` (`id`)
) ENGINE=InnoDB AUTO_INCREMENT=5 DEFAULT CHARSET=latin1;
/*!40101 SET character_set_client = @saved_cs_client */;

--
-- Dumping data for table `equipments`
--

LOCK TABLES `equipments` WRITE;
/*!40000 ALTER TABLE `equipments` DISABLE KEYS */;
INSERT INTO `equipments` VALUES (1,'Chandelier','Six lights'),(2,'Socket','220 V'),(4,'Lock','Entrance door');
/*!40000 ALTER TABLE `equipments` ENABLE KEYS */;
UNLOCK TABLES;

--
-- Table structure for table `installation_scheme`
--

DROP TABLE IF EXISTS `installation_scheme`;
/*!40101 SET @saved_cs_client     = @@character_set_client */;
/*!40101 SET character_set_client = utf8 */;
CREATE TABLE `installation_scheme` (
  `id` int(11) NOT NULL AUTO_INCREMENT,
  `room_id` int(11) NOT NULL,
  `equipment_id` int(11) NOT NULL,
  `displayable_name` varchar(150) NOT NULL,
  `status` int(1) NOT NULL DEFAULT '0',
  PRIMARY KEY (`id`),
  UNIQUE KEY `installation_scheme_installation_id_uindex` (`id`),
  KEY `installation_scheme_room_room_id_fk` (`room_id`),
  KEY `installation_scheme_equipment_equipment_id_fk` (`equipment_id`),
  CONSTRAINT `installation_scheme_equipment_equipment_id_fk` FOREIGN KEY (`equipment_id`) REFERENCES `equipments` (`id`),
  CONSTRAINT `installation_scheme_room_room_id_fk` FOREIGN KEY (`room_id`) REFERENCES `rooms` (`id`)
) ENGINE=InnoDB AUTO_INCREMENT=7 DEFAULT CHARSET=latin1;
/*!40101 SET character_set_client = @saved_cs_client */;

--
-- Dumping data for table `installation_scheme`
--

LOCK TABLES `installation_scheme` WRITE;
/*!40000 ALTER TABLE `installation_scheme` DISABLE KEYS */;
INSERT INTO `installation_scheme` VALUES (3,1,1,'Light',0),(4,1,2,'Power',0),(5,2,1,'Fire in the hall',0),(6,1,4,'Entrance',0);
/*!40000 ALTER TABLE `installation_scheme` ENABLE KEYS */;
UNLOCK TABLES;

--
-- Table structure for table `installation_scheme_roles`
--

DROP TABLE IF EXISTS `installation_scheme_roles`;
/*!40101 SET @saved_cs_client     = @@character_set_client */;
/*!40101 SET character_set_client = utf8 */;
CREATE TABLE `installation_scheme_roles` (
  `installation_scheme_id` int(11) NOT NULL,
  `role` varchar(150) NOT NULL,
  KEY `installation_scheme_roles_installation_scheme_id_fk` (`installation_scheme_id`),
  CONSTRAINT `installation_scheme_roles_installation_scheme_id_fk` FOREIGN KEY (`installation_scheme_id`) REFERENCES `installation_scheme` (`id`)
) ENGINE=InnoDB DEFAULT CHARSET=latin1;
/*!40101 SET character_set_client = @saved_cs_client */;

--
-- Dumping data for table `installation_scheme_roles`
--

LOCK TABLES `installation_scheme_roles` WRITE;
/*!40000 ALTER TABLE `installation_scheme_roles` DISABLE KEYS */;
INSERT INTO `installation_scheme_roles` VALUES (4,'visitor'),(4,'user'),(3,'admin'),(3,'visitor'),(3,'user'),(6,'admin'),(6,'visitor'),(6,'user'),(5,'visitor');
/*!40000 ALTER TABLE `installation_scheme_roles` ENABLE KEYS */;
UNLOCK TABLES;

--
-- Table structure for table `rooms`
--

DROP TABLE IF EXISTS `rooms`;
/*!40101 SET @saved_cs_client     = @@character_set_client */;
/*!40101 SET character_set_client = utf8 */;
CREATE TABLE `rooms` (
  `id` int(11) NOT NULL AUTO_INCREMENT,
  `name` varchar(150) NOT NULL,
  `description` text,
  PRIMARY KEY (`id`),
  UNIQUE KEY `room_room_id_uindex` (`id`)
) ENGINE=InnoDB AUTO_INCREMENT=3 DEFAULT CHARSET=latin1;
/*!40101 SET character_set_client = @saved_cs_client */;

--
-- Dumping data for table `rooms`
--

LOCK TABLES `rooms` WRITE;
/*!40000 ALTER TABLE `rooms` DISABLE KEYS */;
INSERT INTO `rooms` VALUES (1,'Lobby','First floor'),(2,'Laundry','First floor (technical room)');
/*!40000 ALTER TABLE `rooms` ENABLE KEYS */;
UNLOCK TABLES;

--
-- Table structure for table `users`
--

DROP TABLE IF EXISTS `users`;
/*!40101 SET @saved_cs_client     = @@character_set_client */;
/*!40101 SET character_set_client = utf8 */;
CREATE TABLE `users` (
  `id` int(11) NOT NULL AUTO_INCREMENT,
  `login` varchar(50) NOT NULL,
  `password` varchar(50) NOT NULL,
  `role` text,
  PRIMARY KEY (`id`),
  UNIQUE KEY `home_user_user_id_uindex` (`id`),
  UNIQUE KEY `home_user_login_uindex` (`login`)
) ENGINE=InnoDB AUTO_INCREMENT=19 DEFAULT CHARSET=latin1;
/*!40101 SET character_set_client = @saved_cs_client */;

--
-- Dumping data for table `users`
--

LOCK TABLES `users` WRITE;
/*!40000 ALTER TABLE `users` DISABLE KEYS */;
INSERT INTO `users` VALUES (10,'admin','6tvr6:d1fae5f8c4e09b15b311cd59a3dba150','admin'),(11,'lobach','rxZt5:4a53169e98228ce1b39d8d924f4a658f','user'),(13,'visitor','hvdC5:0ba5e0f61bd97f381ff1557bb079238e','visitor'),(18,'alex','r3fNg:ee419716ba6a68d1e545fee56e0ce24d','user');
/*!40000 ALTER TABLE `users` ENABLE KEYS */;
UNLOCK TABLES;
/*!40103 SET TIME_ZONE=@OLD_TIME_ZONE */;

/*!40101 SET SQL_MODE=@OLD_SQL_MODE */;
/*!40014 SET FOREIGN_KEY_CHECKS=@OLD_FOREIGN_KEY_CHECKS */;
/*!40014 SET UNIQUE_CHECKS=@OLD_UNIQUE_CHECKS */;
/*!40101 SET CHARACTER_SET_CLIENT=@OLD_CHARACTER_SET_CLIENT */;
/*!40101 SET CHARACTER_SET_RESULTS=@OLD_CHARACTER_SET_RESULTS */;
/*!40101 SET COLLATION_CONNECTION=@OLD_COLLATION_CONNECTION */;
/*!40111 SET SQL_NOTES=@OLD_SQL_NOTES */;

-- Dump completed on 2019-05-03 15:51:38
